{
    "T": 0.0,
    "mu": 0.75,
    "sigma": 0.0,
    "columns": [
        "$q/\\bar\\Sigma_0$",
        "$Gamma^{(2)}/\\bar\\Sigma_0^2$"
    ],
    "data": [
        [
            0.0,
            0.01,
            0.02,
            0.03,
            0.04,
            0.05,
            0.06,
            0.07,
            0.08,
            0.09,
            0.1,
            0.11,
            0.12,
            0.13,
            0.14,
            0.15,
            0.16,
            0.17,
            0.18,
            0.19,
            0.2,
            0.21,
            0.22,
            0.23,
            0.24,
            0.25,
            0.26,
            0.27,
            0.28,
            0.29,
            0.3,
            0.31,
            0.32,
            0.33,
            0.34,
            0.35000000000000003,
            0.36,
            0.37,
            0.38,
            0.39,
            0.4,
            0.41000000000000003,
            0.42,
            0.43,
            0.44,
            0.45,
            0.46,
            0.47000000000000003,
            0.48,
            0.49,
            0.5,
            0.51,
            0.52,
            0.53,
            0.54,
            0.55,
            0.56,
            0.5700000000000001,
            0.58,
            0.59,
            0.6,
            0.61,
            0.62,
            0.63,
            0.64,
            0.65,
            0.66,
            0.67,
            0.68,
            0.6900000000000001,
            0.7000000000000001,
            0.71,
            0.72,
            0.73,
            0.74,
            0.75,
            0.76,
            0.77,
            0.78,
            0.79,
            0.8,
            0.81,
            0.8200000000000001,
            0.8300000000000001,
            0.84,
            0.85,
            0.86,
            0.87,
            0.88,
            0.89,
            0.9,
            0.91,
            0.92,
            0.93,
            0.9400000000000001,
            0.9500000000000001,
            0.96,
            0.97,
            0.98,
            0.99,
            1.0,
            1.01,
            1.02,
            1.03,
            1.04,
            1.05,
            1.06,
            1.07,
            1.08,
            1.09,
            1.1,
            1.11,
            1.12,
            1.1300000000000001,
            1.1400000000000001,
            1.1500000000000001,
            1.16,
            1.17,
            1.18,
            1.19,
            1.2,
            1.21,
            1.22,
            1.23,
            1.24,
            1.25,
            1.26,
            1.27,
            1.28,
            1.29,
            1.3,
            1.31,
            1.32,
            1.33,
            1.34,
            1.35,
            1.36,
            1.37,
            1.3800000000000001,
            1.3900000000000001,
            1.4000000000000001,
            1.41,
            1.42,
            1.43,
            1.44,
            1.45,
            1.46,
            1.47,
            1.48,
            1.49,
            1.5,
            1.51,
            1.52,
            1.53,
            1.54,
            1.55,
            1.56,
            1.57,
            1.58,
            1.59,
            1.6,
            1.61,
            1.62,
            1.6300000000000001,
            1.6400000000000001,
            1.6500000000000001,
            1.6600000000000001,
            1.67,
            1.68,
            1.69,
            1.7,
            1.71,
            1.72,
            1.73,
            1.74,
            1.75,
            1.76,
            1.77,
            1.78,
            1.79,
            1.8,
            1.81,
            1.82,
            1.83,
            1.84,
            1.85,
            1.86,
            1.87,
            1.8800000000000001,
            1.8900000000000001,
            1.9000000000000001,
            1.9100000000000001,
            1.92,
            1.93,
            1.94,
            1.95,
            1.96,
            1.97,
            1.98,
            1.99,
            2.0,
            2.0100000000000002,
            2.02,
            2.0300000000000002,
            2.04,
            2.05,
            2.06,
            2.07,
            2.08,
            2.09,
            2.1,
            2.11,
            2.12,
            2.13,
            2.14,
            2.15,
            2.16,
            2.17,
            2.18,
            2.19,
            2.2,
            2.21,
            2.22,
            2.23,
            2.24,
            2.25,
            2.2600000000000002,
            2.27,
            2.2800000000000002,
            2.29,
            2.3000000000000003,
            2.31,
            2.32,
            2.33,
            2.34,
            2.35,
            2.36,
            2.37,
            2.38,
            2.39,
            2.4,
            2.41,
            2.42,
            2.43,
            2.44,
            2.45,
            2.46,
            2.47,
            2.48,
            2.49,
            2.5,
            2.5100000000000002,
            2.52,
            2.5300000000000002,
            2.54,
            2.5500000000000003,
            2.56,
            2.57,
            2.58,
            2.59,
            2.6,
            2.61,
            2.62,
            2.63,
            2.64,
            2.65,
            2.66,
            2.67,
            2.68,
            2.69,
            2.7,
            2.71,
            2.72,
            2.73,
            2.74,
            2.75,
            2.7600000000000002,
            2.77,
            2.7800000000000002,
            2.79,
            2.8000000000000003,
            2.81,
            2.82,
            2.83,
            2.84,
            2.85,
            2.86,
            2.87,
            2.88,
            2.89,
            2.9,
            2.91,
            2.92,
            2.93,
            2.94,
            2.95,
            2.96,
            2.97,
            2.98,
            2.99,
            3.0,
            3.0100000000000002,
            3.02,
            3.0300000000000002,
            3.04,
            3.0500000000000003,
            3.06,
            3.0700000000000003,
            3.08,
            3.09
        ],
        [
            0.1290635524134082,
            0.12905647870318718,
            0.12903525568596377,
            0.12899987770037966,
            0.12895033530524283,
            0.12888661527112463,
            0.12880870056857338,
            0.1287165703529229,
            0.1286101999456672,
            0.12848956081236618,
            0.12835462053704122,
            0.1282053427930115,
            0.12804168731011636,
            0.12786360983826098,
            0.12767106210721532,
            0.12746399178258974,
            0.12724234241790142,
            0.12700605340263885,
            0.12675505990622277,
            0.12648929281775306,
            0.12620867868142222,
            0.1259131396274665,
            0.12560259329851578,
            0.12527695277119247,
            0.12493612647279949,
            0.12458001809292485,
            0.12420852648977902,
            0.12382154559106771,
            0.12341896428918973,
            0.12300066633053454,
            0.12256653019863933,
            0.12211642899094938,
            0.1216502302889076,
            0.1211677960210818,
            0.12066898231901806,
            0.12015363936548851,
            0.11962161123477932,
            0.11907273572464137,
            0.11850684417950096,
            0.11792376130450108,
            0.117323304969915,
            0.11670528600544298,
            0.11606950798387046,
            0.11541576699352979,
            0.11474385139897103,
            0.1140535415892048,
            0.1133446097128378,
            0.11261681939937367,
            0.11186992546590084,
            0.11110367360833537,
            0.1103178000763258,
            0.10951203133086522,
