{
    "T": 0.1,
    "mu": 0.67,
    "sigmahomin": [
        0.9834923571810861
    ],
    "columns": [
        "$\\bar\\sigma/\\bar\\Sigma_0$",
        "$\\mathrm{argmin}_q \\Gamma^{(2)}(\\sigma,\\mu,T,\\,q)/\\bar\\Sigma_0$"
    ],
    "data": [
        [
            0.0,
            0.05,
            0.1,
            0.15000000000000002,
            0.2,
            0.25,
            0.30000000000000004,
            0.35000000000000003,
            0.4,
            0.45,
            0.5,
            0.55,
            0.6000000000000001,
            0.65,
            0.7000000000000001,
            0.75,
            0.8,
            0.8500000000000001,
            0.9,
            0.9500000000000001,
            1.0,
            1.05
        ],
        [
            1.6992244432955708,
            1.6877684398541577,
            1.6533702262552956,
            1.5958860269359882,
            1.5150331837342452,
            1.4104672722292488,
            1.2816398456908047,
            1.1279150724684504,
            0.948546256350175,
            0.7427389150006108,
            0.509835514791792,
            0.2495851206010571,
            1e-05,
            1.0000000000065512e-05,
            1e-05,
            1e-05,
            1e-05,
            1e-05,
            1e-05,
            1e-05,
            1e-05,
            1e-05
        ]
    ]
}