{
    "T": 0.3,
    "mu": 0.75,
    "sigma": 0.0,
    "columns": [
        "$q/\\bar\\Sigma_0$",
        "$Gamma^{(2)}/\\bar\\Sigma_0^2$"
    ],
    "data": [
        [
            0.0,
            0.05,
            0.1,
            0.15000000000000002,
            0.2,
            0.25,
            0.30000000000000004,
            0.35000000000000003,
            0.4,
            0.45,
            0.5,
            0.55,
            0.6000000000000001,
            0.65,
            0.7000000000000001,
            0.75,
            0.8,
            0.8500000000000001,
            0.9,
            0.9500000000000001,
            1.0,
            1.05,
            1.1,
            1.1500000000000001,
            1.2000000000000002,
            1.25,
            1.3,
            1.35,
            1.4000000000000001,
            1.4500000000000002,
            1.5,
            1.55,
            1.6,
            1.6500000000000001,
            1.7000000000000002,
            1.75,
            1.8,
            1.85,
            1.9000000000000001,
            1.9500000000000002,
            2.0,
            2.0500000000000003,
            2.1,
            2.15,
            2.2,
            2.25,
            2.3000000000000003,
            2.35,
            2.4000000000000004,
            2.45,
            2.5,
            2.5500000000000003,
            2.6,
            2.6500000000000004,
            2.7,
            2.75,
            2.8000000000000003,
            2.85,
            2.9000000000000004,
            2.95,
            3.0,
            3.0500000000000003,
            3.1,
            3.1500000000000004,
            3.2,
            3.25,
            3.3000000000000003,
            3.35,
            3.4000000000000004,
            3.45,
            3.5,
            3.5500000000000003,
            3.6,
            3.6500000000000004,
            3.7,
            3.75,
            3.8000000000000003,
            3.85,
            3.9000000000000004,
            3.95,
            4.0,
            4.05
        ],
        [
            0.06404259879312968,
            0.06396680659824741,
            0.06374050823201383,
            0.06336693815497976,
            0.06285148615135477,
            0.06220169468968813,
            0.06142725292219408,
            0.06053998507249608,
            0.059553830402845516,
            0.05848481146454549,
            0.05735098694348903,
            0.05617238514381394,
            0.05497091403631181,
            0.0537702438711906,
            0.05259565862314952,
            0.05147387309211318,
            0.050432813230898654,
            0.049501358356012146,
            0.04870904519853843,
            0.048085735307232286,
            0.04766124905286679,
            0.04746497133571875,
            0.04752543597337015,
            0.04786989753112095,
            0.04852390092957712,
            0.04951086039496494,
            0.050851660088913175,
            0.052564288966116174,
            0.054663521992935366,
            0.05716065879173007,
            0.06006332907711297,
            0.06337537199416549,
            0.06709679377485502,
            0.07122380515514692,
            0.07574893692525071,
            0.08066122900984846,
            0.08594648577829908,
            0.09158758802330458,
            0.09756485034170614,
            0.10385641157479641,
            0.11043864554107838,
            0.11728657949596041,
            0.12437430851320741,
            0.1316753952030163,
            0.13916324574255282,
            0.14681145497007053,
            0.15459411516011795,
            0.16248608494397107,
            0.17046321657412006,
            0.1785025412845353,
            0.18658241382255508,
            0.1946826182996946,
            0.20278443832075077,
            0.21087069491519284,
            0.21892575613248688,
            0.22693552230389372,
            0.23488739095055236,
            0.24277020516590003,
            0.25057418905263257,
            0.2582908734810221,
            0.2659130150823146,
            0.2734345110209721,
            0.2808503117186984,
            0.28815633334672264,
            0.2953493715682963,
            0.3024270177083289,
            0.30938757825436924,
            0.31622999835429755,
            0.32295378977082123,
            0.32955896357965186,
            0.3360459677548626,
            0.34241562966857275,
            0.34866910343986746,
            0.3548078219965195,
            0.36083345365994557,
            0.3667478630257689,
            0.37255307588708686,
            0.3782512479326111,
            0.38384463694521387,
            0.38933557822645215,
            0.39472646297762615,
            0.4000197193768029
        ]
    ]
}