{
    "T": 0.15,
    "columns": [
        "$\\mu/\\bar\\Sigma_0$",
        "lower zero",
        "upper zero"
    ],
    "data": [
        [
            0.609,
            0.6134649367088607,
            0.6179298734177215,
            0.6223948101265823,
            0.626859746835443,
            0.6313246835443038,
            0.6357896202531645,
            0.6402545569620253,
            0.6447194936708861,
            0.6491844303797468,
            0.6536493670886075,
            0.6581143037974684,
            0.6625792405063291,
            0.6670441772151898,
            0.6715091139240507,
            0.6715091139240507,
            0.6759740506329114,
            0.6804389873417721,
            0.6849039240506329,
            0.6893688607594937,
            0.6938337974683544,
            0.6982987341772151,
            0.7027636708860759,
            0.7072286075949367,
            0.7116935443037975,
            0.7161584810126582,
            0.7206234177215189,
            0.7250883544303797,
            0.7295532911392405,
            0.7340182278481012,
            0.7384831645569621,
            0.7429481012658228,
            0.7474130379746835,
            0.7518779746835442,
            0.7563429113924051,
            0.7608078481012658,
            0.7652727848101266,
            0.7697377215189873,
            0.7742026582278481,
            0.7786675949367088,
            0.7831325316455696,
            0.7875974683544303,
            0.7920624050632912,
            0.7965273417721519,
            0.8009922784810126,
            0.8054572151898733,
            0.8099221518987342,
            0.8143870886075949,
            0.8188520253164557,
            0.8233169620253165,
            0.8277818987341772,
            0.8322468354430379,
            0.8367117721518987,
            0.8411767088607595,
            0.8456416455696203,
            0.850106582278481,
            0.8545715189873417,
            0.8590364556962025,
            0.8635013924050632,
            0.867966329113924,
            0.8724312658227849,
            0.8768962025316456,
            0.8813611392405063,
            0.885826075949367,
            0.8902910126582277,
            0.8947559493670886,
            0.8992208860759494,
            0.9036858227848101,
            0.9081507594936709,
            0.9126156962025316,
            0.9170806329113923,
            0.9215455696202531,
            0.926010506329114,
            0.9304754430379747,
            0.9349403797468354,
            0.9394053164556961,
            0.9438702531645569,
            0.9483351898734177,
            0.9528001265822785,
            0.9572650632911393,
            0.96173
        ],
        [
            NaN,
            NaN,
            NaN,
            NaN,
            NaN,
            NaN,
            NaN,
            NaN,
            NaN,
            NaN,
            NaN,
            NaN,
            NaN,
            NaN,
            NaN,
            0.724410685930184,
            0.7430284965357535,
            0.7613976079914402,
            0.7795368511154757,
            0.7974631875227445,
            0.8151919670547618,
            0.8327371425920062,
            0.8501114506219758,
            0.8673265640686828,
            0.8843932224890053,
            0.9013213436774345,
            0.9181201199039314,
            0.9347981014005479,
            0.9513632691313261,
            0.9678230987759648,
            0.9841846168705212,
            1.0004544511345723,
            1.0166388747181223,
            1.0327438466223515,
            1.0487750477793778,
            1.0647379140248343,
            1.0806376671402753,
            1.0964793411220497,
            1.1122678103551256,
            1.1280078130778768,
            1.1437039752241387,
            1.1593608330852652,
            1.1749828554189186,
            1.1905744651125572,
            1.206140061223494,
            1.221684040956784,
            1.237210822561575,
            1.2527248697121274,
            1.2682307152577392,
            1.2837329893130027,
            1.2992364500875169,
            1.3147460117393495,
            1.330266785321045,
            1.3458041158711815,
            1.3613636293457445,
            1.3769512881759538,
            1.3925734462506902,
            1.4082369272227755,
            1.4239491078439708,
            1.4397180172747865,
            1.4555524666107547,
            1.471462190742866,
            1.487458041752987,
            1.5035522174612055,
            1.5197585560048867,
            1.5360929131156378,
            1.5525736539183466,
            1.5692223045473783,
            1.586064431607026,
            1.6031308603717787,
            1.620459404959172,
            1.6380973881361758,
            1.6561054624387455,
            1.6745636484946993,
            1.6935814017735693,
            1.7133155750684181,
            1.7340054811989707,
            1.7560504779966761,
            1.7802176609820695,
            1.8084218942865546,
            1.8522762751863182
        ],
        [
            NaN,
            NaN,
            NaN,
            NaN,
            NaN,
            NaN,
            NaN,
            NaN,
            NaN,
            NaN,
            NaN,
            NaN,
            NaN,
            NaN,
            NaN,
            1.6807531076097881,
            1.6858812636506155,
            1.691004790878616,
            1.6961230511162124,
            1.7012353886175189,
            1.7063411288513994,
            1.7114395771968185,
            1.7165300175402827,
            1.7216117107678062,
            1.7266838931398105,
            1.7317457745378426,
            1.7367965365675777,
            1.7418353305186014,
            1.7468612751162882,
            1.7518734541466527,
            1.7568709137562848,
            1.7618526597625155,
            1.7668176542437937,
            1.771764812393347,
            1.7766929986584135,
            1.7816010223875454,
            1.7864876343743639,
            1.7913515199014043,
            1.7961912951325547,
            1.8010055000324543,
            1.8057925917993503,
            1.8105509373290152,
            1.8152788046951107,
            1.8199743538596662,
            1.824635625903079,
            1.8292605312559123,
            1.833846835862436,
            1.8383921468177566,
            1.8428938933829238,
            1.8473493084898993,
            1.8517554057792052,
            1.8561089523446084,
            1.8604064396112359,
            1.8646440471464332,
            1.8688176010795314,
            1.8729225289442266,
            1.8769537954401287,
            1.8809058408405546,
            1.884772496186929,
            1.888546883810698,
            1.8922213013771232,
            1.895787066366123,
            1.8992343404431278,
            1.9025518958566976,
            1.905726824634763,
            1.9087441635860878,
            1.9115864048027307,
            1.9142328457648796,
            1.9166587098250691,
            1.9188339301388553,
            1.9207214245867203,
            1.9222745736585796,
            1.9234334017449004,
            1.9241185402009615,
            1.9242211615574867,
            1.9235850183533074,
            1.921971381418062,
            1.9189814547642992,
            1.9138486893775397,
            1.9046587422974643,
            1.8797990235370343
        ]
    ]
}