{
    "T": 0.15,
    "columns": [
        "$\\mu/\\bar\\Sigma_0$",
        "$Q/\\bar\\Sigma_0$"
    ],
    "data": [
        [
            0.609,
            0.6134649367088607,
            0.6179298734177215,
            0.6223948101265823,
            0.626859746835443,
            0.6313246835443038,
            0.6357896202531645,
            0.6402545569620253,
            0.6447194936708861,
            0.6491844303797468,
            0.6536493670886075,
            0.6581143037974684,
            0.6625792405063291,
            0.6670441772151898,
            0.6715091139240507,
            0.6715091139240507,
            0.6759740506329114,
            0.6804389873417721,
            0.6849039240506329,
            0.6893688607594937,
            0.6938337974683544,
            0.6982987341772151,
            0.7027636708860759,
            0.7072286075949367,
            0.7116935443037975,
            0.7161584810126582,
            0.7206234177215189,
            0.7250883544303797,
            0.7295532911392405,
            0.7340182278481012,
            0.7384831645569621,
            0.7429481012658228,
            0.7474130379746835,
            0.7518779746835442,
            0.7563429113924051,
            0.7608078481012658,
            0.7652727848101266,
            0.7697377215189873,
            0.7742026582278481,
            0.7786675949367088,
            0.7831325316455696,
            0.7875974683544303,
            0.7920624050632912,
            0.7965273417721519,
            0.8009922784810126,
            0.8054572151898733,
            0.8099221518987342,
            0.8143870886075949,
            0.8188520253164557,
            0.8233169620253165,
            0.8277818987341772,
            0.8322468354430379,
            0.8367117721518987,
            0.8411767088607595,
            0.8456416455696203,
            0.850106582278481,
            0.8545715189873417,
            0.8590364556962025,
            0.8635013924050632,
            0.867966329113924,
            0.8724312658227849,
            0.8768962025316456,
            0.8813611392405063,
            0.885826075949367,
            0.8902910126582277,
            0.8947559493670886,
            0.8992208860759494,
            0.9036858227848101,
            0.9081507594936709,
            0.9126156962025316,
            0.9170806329113923,
            0.9215455696202531,
            0.926010506329114,
            0.9304754430379747,
            0.9349403797468354,
            0.9394053164556961,
            0.9438702531645569,
            0.9483351898734177,
            0.9528001265822785,
            0.9572650632911393,
            0.96173
        ],
        [
            0.0031622776601683794,
            0.0031622776601683794,
            0.0031622776601683794,
            0.0031622776601683794,
            0.0031622776601683794,
            0.0031622776601683794,
            0.0031622776601683794,
            0.0031622776601683794,
            0.0031622776601683794,
            0.003162277660178738,
            0.0031622776601683794,
            0.0031622776601683794,
            0.0031622776601683794,
            0.0031622776601683794,
            0.0031622776601683794,
            1.255790005080725,
            1.2654397269998372,
            1.275075537636907,
            1.2846976061997675,
            1.2943064407166172,
            1.3039016225715585,
            1.3134834089558038,
            1.3230906521364243,
            1.332657479750518,
            1.342213803047497,
            1.3517593206052996,
            1.3612946620590674,
            1.3708200426767785,
            1.3803358457388237,
            1.3898421700416779,
            1.3993394131409187,
            1.4088279017391865,
            1.4183079383695636,
            1.4277801139568556,
            1.4372446656506892,
            1.4467030245426573,
            1.4561566068633869,
            1.4656080291446096,
            1.475006987852186,
            1.484432800116358,
            1.4938500044220187,
            1.5032604298401875,
            1.5126666303578655,
            1.5220718665027235,
            1.5314850377389917,
            1.5408287705322228,
            1.5502050130058118,
            1.5595784425236723,
            1.568951278591782,
            1.5783250714308013,
            1.5876507410196152,
            1.5969977821315258,
            1.6063392902160223,
            1.6156755430513365,
            1.6250471948873577,
            1.6343367154864632,
            1.643679309632666,
            1.6529700522315103,
            1.6622864373907953,
            1.6716059358963928,
            1.6809123205057235,
            1.690196246253874,
            1.6994554710704488,
            1.7087645403099063,
            1.7180474630217069,
            1.7273375069308972,
            1.7365625283223471,
            1.745874138612776,
            1.7551417070425117,
            1.7644050808000695,
            1.7736648579605254,
            1.782921220179109,
            1.792174757086092,
            1.801421907175027,
            1.810661269633478,
            1.8198962183959018,
            1.8291295437975326,
            1.8383669076113347,
            1.8476178717892844,
            1.856837355537075,
            1.8660623927856996
        ]
    ]
}