{
	"ti":[
		0.0,
		2.0e-2,
		0.25,
		0.75
	],
	"xi":[
		0.0,
		1.0e-2,
		2.0e-2,
		3.0e-2,
		4.0e-2,
		5.0e-2,
		6.0e-2,
		7.0e-2,
		8.0e-2,
		9.0e-2,
		0.1,
		0.11,
		0.12,
		0.13,
		0.14,
		0.15,
		0.16,
		0.17,
		0.18,
		0.19,
		0.2,
		0.21,
		0.22,
		0.23,
		0.24,
		0.25,
		0.26,
		0.27,
		0.28,
		0.29,
		0.3,
		0.31,
		0.32,
		0.33,
		0.34,
		0.35000000000000003,
		0.36,
		0.37,
		0.38,
		0.39,
		0.4,
		0.41000000000000003,
		0.42,
		0.43,
		0.44,
		0.45,
		0.46,
		0.47000000000000003,
		0.48,
		0.49,
		0.5,
		0.51,
		0.52,
		0.53,
		0.54,
		0.55,
		0.56,
		0.5700000000000001,
		0.58,
		0.59,
		0.6,
		0.61,
		0.62,
		0.63,
		0.64,
		0.65,
		0.66,
		0.67,
		0.68,
		0.6900000000000001,
		0.7000000000000001,
		0.71,
		0.72,
		0.73,
		0.74,
		0.75,
		0.76,
		0.77,
		0.78,
		0.79,
		0.8,
		0.81,
		0.8200000000000001,
		0.8300000000000001,
		0.84,
		0.85,
		0.86,
		0.87,
		0.88,
		0.89,
		0.9,
		0.91,
		0.92,
		0.93,
		0.9400000000000001,
		0.9500000000000001,
		0.96,
		0.97,
		0.98,
		0.99,
		1.0
	],
	"uit":[
		[
			1.4999794385778324,
			1.499732728906519,
			1.4989928433652373,
			1.4977605121316935,
			1.4960369513680267,
			1.4938238620206268,
			1.491123428141493,
			1.4879383147328298,
			1.4842716651170345,
			1.4801270978345964,
			1.475508703073039,
			1.4704210386304122,
			1.4648691254172785,
			1.458858442501687,
			1.4523949217019938,
			1.4454849417328886,
			1.438135321910336,
			1.4303533154217756,
			1.422146602168084,
			1.4135232811844256,
			1.4044918626475056,
			1.3950612594770595,
			1.3852407785398313,
			1.375040111464848,
			1.3644693250790152,
			1.3535388514722246,
			1.3422594777023122,
			1.330642335149379,
			1.318698888530584,
			1.306440924585811,
			1.2938805404455245,
			1.28103013169244,
			1.267902380128555,
			1.2545102412597375,
			1.2408669315101872,
			1.2269859151794404,
			1.2128808911547717,
			1.1985657793919469,
			1.184054707178006,
			1.1693619951892664,
			1.1545021433585934,
			1.1394898165656975,
			1.1243398301646668,
			1.1090671353629955,
			1.0936868044665538,
			1.0782140160050302,
			1.0626640397526255,
			1.0470522216584954,
			1.0313939687022766,
			1.0157047336891933,
			1.0000000000000009,
			0.9842952663108084,
			0.9686060312977252,
			0.9529477783415063,
			0.9373359602473763,
			0.9217859839949605,
			0.906313195533448,
			0.8909328646370063,
			0.875660169835335,
			0.8605101834342932,
			0.8454978566414084,
			0.8306380048107354,
			0.8159452928219957,
			0.8014342206080549,
			0.7871191088452356,
			0.7730140848205558,
			0.7591330684898034,
			0.7454897587402698,
			0.7320976198714413,
			0.7189698683075618,
			0.7061194595544773,
			0.6935590754141852,
			0.6813011114694123,
			0.6693576648506228,
			0.6577405222976895,
			0.6464611485277771,
			0.6355306749209921,
			0.6249598885351482,
			0.6147592214601705,
			0.6049387405229423,
			0.5955081373524851,
			0.5864767188155762,
			0.5778533978319289,
			0.5696466845782067,
			0.561864678089663,
			0.5545150582671132,
			0.547605078298008,
			0.5411415574983147,
			0.5351308745827343,
			0.5295789613695812,
			0.5244912969269655,
			0.5198729021653969,
			0.51572833488297,
			0.5120616852671622,
			0.5088765718585075,
			0.506176137979375,
			0.5039630486319724,
			0.5022394878683056,
			0.5010071566347696,
			0.5002672710934686,
			0.5000205614221653
		],
		[
			1.4196857942077914,
			1.4193300236078348,
			1.418615793135477,
			1.4175408677895438,
			1.4161034688987295,
			1.4143022753341992,
			1.412136424489572,
			1.409605512275541,
			1.4067095929689646,
			1.4034491780446343,
			1.3998252348435678,
			1.3958391842981792,
			1.3914928983896508,
			1.3867886968105074,
			1.3817293432121531,
			1.376318040831429,
			1.3705584275625005,
			1.3644545705606115,
			1.3580109601991823,
			1.3512325036605175,
			1.3441245178548613,
			1.3366927220160492,
			1.3289432296636399,
			1.3208825402393347,
			1.312517530189546,
			1.3038554436997913,
			1.2949038829693353,
			1.2856707981190203,
			1.276164476726531,
			1.2663935329949008,
			1.2563668966175814,
			1.2460938012999494,
			1.2355837730268489,
			1.224846618029018,
			1.2138924105306081,
			1.202731480248478,
			1.1913743997014603,
			1.1798319713254806,
			1.1681152144280225,
			1.1562353519981545,
			1.1442037973884087,
			1.1320321408959928,
			1.1197321362515702,
			1.1073156870457725,
			1.0947948331011446,
			1.082181736816481,
			1.0694886694952779,
			1.0567279976795982,
			1.0439121695060005,
			1.0310537011006613,
			1.0181651630328172,
			1.0052591668429407,
			0.9923483516646942,
			0.9794453709584447,
			0.9665628793745916,
			0.9537135197660348,
			0.9409099103680891,
			0.9281646321652939,
			0.9154902164653063,
			0.9028991326974775,
			0.8904037764594811,
			0.8780164578264624,
			0.8657493899493263,
			0.853614677953296,
			0.8416243081647824,
			0.8297901376764113,
			0.8181238842744145,
			0.8066371167427865,
			0.7953412455551172,
			0.7842475139819712,
			0.7733669896007616,
			0.7627105562564716,
			0.7522889064306719,
			0.7421125340862609,
			0.732191727922062,
			0.7225365651077744,
			0.7131569054333879,
			0.7040623859132745,
			0.6952624158182462,
			0.6867661721013669,
			0.678582595273335,
			0.6707203855805545,
			0.6631879996516453,
			0.6559936473425391,
			0.6491452890456201,
			0.6426506331066801,
			0.6365171336537234,
			0.6307519884835082,
			0.6253621372415048,
			0.6203542596673436,
			0.6157347739478096,
			0.6115098351975901,
			0.6076853338173525,
			0.6042668940694953,
			0.6012598723015958,
			0.598669355461627,
			0.59650015908674,
			0.5947568255968424,
			0.5934436219901286,
			0.592564537766469,
			0.5921232823051991
		],
		[
			1.1904354181197743,
			1.1904551625672903,
			1.1904915522669355,
			1.190541532963165,
			1.1906020983560177,
			1.1906702930703237,
			1.1907432155754312,
			1.190818021052564,
			1.1908919242070033,
			1.1909622020222705,
			1.191026196453638,
			1.1910813170582708,
			1.1911250435594019,
			1.1911549283420135,
			1.1911685988775476,
			1.1911637600752534,
			1.1911381965578292,
			1.1910897748591092,
			1.1910164455416272,
			1.190916245231934,
			1.1907872985716716,
			1.1906278200824607,
			1.1904361159427352,
			1.1902105856747807,
			1.1899497237402679,
			1.1896521210427309,
			1.1893164663354474,
			1.1889415475333713,
			1.1885262529277458,
			1.1880695723022356,
			1.1875705979494262,
			1.1870285255866724,
			1.186442655170405,
			1.1858123916080243,
			1.1851372453667024,
			1.184416832978455,
			1.1836508774409595,
			1.1828392085136983,
			1.1819817629091638,
			1.18107858437884,
			1.1801298236939077,
			1.179135738520644,
			1.1780966931906391,
			1.1770131583660088,
			1.1758857105999372,
			1.174715031792924,
			1.1735019085452916,
			1.1722472314065346,
			1.1709519940222406,
			1.1696172921794021,
			1.1682443227510255,
			1.1668343825410696,
			1.1653888670308095,
			1.163909269027866,
			1.162397177219175,
			1.160854274629317,
			1.1592823369857088,
			1.1576832309922314,
			1.1560589125129783,
			1.1544114246678903,
			1.1527428958421366,
			1.1510555376111702,
			1.149351642583472,
			1.147633582163145,
			1.1459038042344376,
			1.14416483077056,
			1.1424192553690689,
			1.140669740716243,
			1.1389190159829232,
			1.1371698741543874,
			1.1354251692968242,
			1.1336878137631403,
			1.1319607753407768,
			1.1302470743443684,
			1.1285497806560691,
			1.1268720107164583,
			1.125216924468975,
			1.12358772226085,
			1.121987641703618,
			1.120419954496241,
			1.1188879632140067,
			1.117394998066303,
			1.1159444136264918,
			1.1145395855370712,
			1.1131839071933587,
			1.1118807864089704,
			1.110633642066358,
			1.1094459007556896,
			1.1083209934053833,
			1.1072623519076303,
			1.1062734057421695,
			1.105357578601703,
			1.1045182850221995,
			1.1037589270214765,
			1.1030828907493038,
			1.1024935431523686,
			1.1019942286573627,
			1.1015882658754828,
			1.1012789443315656,
			1.1010695212210855,
			1.10096321819824
		],
		[
			1.461185744418107,
