{
	"ti":[
		0.0,
		2.0e-2,
		0.25
	],
	"xi":[
		0.0,
		1.0e-2,
		2.0e-2,
		3.0e-2,
		4.0e-2,
		5.0e-2,
		6.0e-2,
		7.0e-2,
		8.0e-2,
		9.0e-2,
		0.1,
		0.11,
		0.12,
		0.13,
		0.14,
		0.15,
		0.16,
		0.17,
		0.18,
		0.19,
		0.2,
		0.21,
		0.22,
		0.23,
		0.24,
		0.25,
		0.26,
		0.27,
		0.28,
		0.29,
		0.3,
		0.31,
		0.32,
		0.33,
		0.34,
		0.35000000000000003,
		0.36,
		0.37,
		0.38,
		0.39,
		0.4,
		0.41000000000000003,
		0.42,
		0.43,
		0.44,
		0.45,
		0.46,
		0.47000000000000003,
		0.48,
		0.49,
		0.5,
		0.51,
		0.52,
		0.53,
		0.54,
		0.55,
		0.56,
		0.5700000000000001,
		0.58,
		0.59,
		0.6,
		0.61,
		0.62,
		0.63,
		0.64,
		0.65,
		0.66,
		0.67,
		0.68,
		0.6900000000000001,
		0.7000000000000001,
		0.71,
		0.72,
		0.73,
		0.74,
		0.75,
		0.76,
		0.77,
		0.78,
		0.79,
		0.8,
		0.81,
		0.8200000000000001,
		0.8300000000000001,
		0.84,
		0.85,
		0.86,
		0.87,
		0.88,
		0.89,
		0.9,
		0.91,
		0.92,
		0.93,
		0.9400000000000001,
		0.9500000000000001,
		0.96,
		0.97,
		0.98,
		0.99,
		1.0
	],
	"uit":[
		[
			1.4999794385778324,
			1.499732728906519,
			1.4989928433652373,
			1.4977605121316935,
			1.4960369513680267,
			1.4938238620206268,
			1.491123428141493,
			1.4879383147328298,
			1.4842716651170345,
			1.4801270978345964,
			1.475508703073039,
			1.4704210386304122,
			1.4648691254172785,
			1.458858442501687,
			1.4523949217019938,
			1.4454849417328886,
			1.438135321910336,
			1.4303533154217756,
			1.422146602168084,
			1.4135232811844256,
			1.4044918626475056,
			1.3950612594770595,
			1.3852407785398313,
			1.375040111464848,
			1.3644693250790152,
			1.3535388514722246,
			1.3422594777023122,
			1.330642335149379,
			1.318698888530584,
			1.306440924585811,
			1.2938805404455245,
			1.28103013169244,
			1.267902380128555,
			1.2545102412597375,
			1.2408669315101872,
			1.2269859151794404,
			1.2128808911547717,
			1.1985657793919469,
			1.184054707178006,
			1.1693619951892664,
			1.1545021433585934,
			1.1394898165656975,
			1.1243398301646668,
			1.1090671353629955,
			1.0936868044665538,
			1.0782140160050302,
			1.0626640397526255,
			1.0470522216584954,
			1.0313939687022766,
			1.0157047336891933,
			1.0000000000000009,
			0.9842952663108084,
			0.9686060312977252,
			0.9529477783415063,
			0.9373359602473763,
			0.9217859839949605,
			0.906313195533448,
			0.8909328646370063,
			0.875660169835335,
			0.8605101834342932,
			0.8454978566414084,
			0.8306380048107354,
			0.8159452928219957,
			0.8014342206080549,
			0.7871191088452356,
			0.7730140848205558,
			0.7591330684898034,
			0.7454897587402698,
			0.7320976198714413,
			0.7189698683075618,
			0.7061194595544773,
			0.6935590754141852,
			0.6813011114694123,
			0.6693576648506228,
			0.6577405222976895,
			0.6464611485277771,
			0.6355306749209921,
			0.6249598885351482,
			0.6147592214601705,
			0.6049387405229423,
			0.5955081373524851,
			0.5864767188155762,
			0.5778533978319289,
			0.5696466845782067,
			0.561864678089663,
			0.5545150582671132,
			0.547605078298008,
			0.5411415574983147,
			0.5351308745827343,
			0.5295789613695812,
			0.5244912969269655,
			0.5198729021653969,
			0.51572833488297,
			0.5120616852671622,
			0.5088765718585075,
			0.506176137979375,
			0.5039630486319724,
			0.5022394878683056,
			0.5010071566347696,
			0.5002672710934686,
			0.5000205614221653
		],
		[
			1.4940082986976804,
			1.4880058740045619,
			1.4819789196772915,
			1.4759137551083301,
			1.469796878929959,
			1.4636150405852437,
			1.457355284941646,
			1.4510050258853486,
			1.444552081095745,
			1.4379847454261365,
			1.4312918154391157,
			1.4244626603454447,
			1.4174872363472948,
			1.4103561530196334,
			1.403060677923851,
			1.395592796534819,
			1.3879452079368513,
			1.3801113767149353,
			1.3720855208060894,
			1.3638626541638679,
			1.3554385680069827,
			1.3468098634985992,
			1.3379739277061893,
			1.3289289559933468,
			1.3196739239759088,
			1.310208599777052,
			1.3005335131531217,
			1.2906499581755178,
			1.2805599605318225,
			1.27026627154159,
			1.2597723344417557,
			1.249082270889668,
			1.2382008468453645,
			1.2271334528572158,
			1.2158860699671232,
			1.2044652451142364,
			1.1928780573282733,
			1.1811320895344355,
			1.1692353951667558,
			1.1571964675297266,
			1.145024206866391,
			1.1327278882420646,
			1.120317129039791,
			1.1078018561132106,
			1.0951922736317339,
			1.0824988300377025,
			1.0697321861276126,
			1.0569031821438974,
			1.0440228059625751,
			1.0311021604777268,
			1.0181524317517054,
			1.0051848567242392,
			0.9922106911827642,
			0.9792411777356798,
			0.966287513487507,
			0.9533608181602289,
			0.9404721014120342,
			0.9276322309638884,
			0.9148518995922981,
			0.9021415931131185,
			0.8895115572091353,
			0.8769717651322243,
			0.8645318846965011,
			0.8522012455814425,
			0.8399888070200188,
			0.8279031246177349,
			0.8159523194836132,
			0.8041440445242756,
			0.7924854559810158,
			0.7809831792242772,
			0.7696432838458571,
			0.7584712490737314,
			0.7474719437001783,
			0.7366495913642632,
			0.7260077566503005,
			0.7155493106467775,
			0.7052764245070263,
			0.6951905358825478,
			0.6852923510904924,
			0.675581813224297,
			0.666058113819849,
			0.6567196636472064,
			0.6475641144254732,
			0.6385883334668194,
			0.6297884355821908,
			0.6211597628604285,
			0.612696926456396,
			0.6043937928245621,
			0.5962435346192732,
			0.5882386246435937,
			0.5803708946566698,
			0.5726315381327508,
			0.5650111753894079,
			0.5574998659907059,
			0.5500871782983752,
			0.5427622120100429,
			0.535513670019515,
			0.5283298911679795,
			0.5211989221941526,
			0.5141085603276668,
			0.5070464231072737
		],
		[
			1.4930794283008861,
			1.4861591391988682,
			1.4792362739338398,
			1.472307976324597,
			1.4653713956327292,
			1.4584236893325946,
			1.4514620259423556,
			1.444483587881462,
			1.4374855742370645,
			1.4304652035290828,
			1.4234197164944218,
			1.4163463788139095,
			1.409242483826812,
			1.4021053552223435,
			1.394932349691995,
			1.3877208595373818,
			1.380468315285058,
			1.3731721882168952,
			1.3658299928740312,
			1.3584392895289426,
			1.3509976866144098,
			1.3435028430822336,
			1.3359524707203267,
			1.3283443364381058,
			1.3206762644597423,
			1.312946138488918,
			1.3051519038094124,
			1.2972915693131124,
			1.2893632094951395,
			1.2813649663297002,
			1.2732950511117693,
			1.265151746233847,
			1.2569334069169669,
			1.2486384627953568,
			1.2402654194855156,
			1.2318128600626104,
			1.2232794464639045,
			1.2146639208047343,
			1.205965106633009,
			1.1971819100804235,
			1.1883133209405365,
			1.179358413684508,
			1.1703163483426626,
			1.1611863713551294,
			1.1519678163044635,
			1.142660104571859,
			1.1332627459163478,
			1.1237753389338778,
			1.1141975714570609,
			1.1045292208817534,
			1.0947701543399422,
			1.0849203288671003,
			1.0749797914102486,
			1.064948678797975,
			1.054827217571231,
			1.044615723780386,
			1.0343146026461099,
			1.0239243481871798,
			1.0134455426822702,
			1.002878856108433,
			0.9922250454712083,
			0.9814849540510201,
			0.9706595105668123,
			0.9597497282476412,
			0.9487567038156963,
			0.9376816164037047,
			0.9265257263920654,
			0.9152903741414605,
			0.9039769786741259,
			0.8925870362580832,
			0.8811221189181623,
			0.8695838728915138,
			0.8579740169685918,
			0.846294340826491,
			0.8345467032225431,
			0.822733030165993,
			0.8108553130032621,
			0.7989156064494485,
			0.7869160265542757,
			0.774858748597238,
			0.7627460049495165,
			0.7505800828486544,
			0.7383633221289799,
			0.7260981129310391,
			0.713786893317884,
			0.7014321468541697,
			0.6890364001703552,
			0.6766022204405758,
			0.6641322128637726,
			0.6516290180664389,
			0.6390953095065013,
			0.6265337908195205,
			0.6139471931487039,
			0.6013382724400477,
			0.5887098067163091,
			0.5760645933361527,
			0.5634054462237963,
			0.5507351930894214,
			0.5380566726252761,
			0.525372731706626,
			0.512686222571288
		]
	],