{
	"ti":[
		0.0,
		2.0e-2,
		0.25
	],
	"xi":[
		0.0,
		1.0e-2,
		2.0e-2,
		3.0e-2,
		4.0e-2,
		5.0e-2,
		6.0e-2,
		7.0e-2,
		8.0e-2,
		9.0e-2,
		0.1,
		0.11,
		0.12,
		0.13,
		0.14,
		0.15,
		0.16,
		0.17,
		0.18,
		0.19,
		0.2,
		0.21,
		0.22,
		0.23,
		0.24,
		0.25,
		0.26,
		0.27,
		0.28,
		0.29,
		0.3,
		0.31,
		0.32,
		0.33,
		0.34,
		0.35000000000000003,
		0.36,
		0.37,
		0.38,
		0.39,
		0.4,
		0.41000000000000003,
		0.42,
		0.43,
		0.44,
		0.45,
		0.46,
		0.47000000000000003,
		0.48,
		0.49,
		0.5,
		0.51,
		0.52,
		0.53,
		0.54,
		0.55,
		0.56,
		0.5700000000000001,
		0.58,
		0.59,
		0.6,
		0.61,
		0.62,
		0.63,
		0.64,
		0.65,
		0.66,
		0.67,
		0.68,
		0.6900000000000001,
		0.7000000000000001,
		0.71,
		0.72,
		0.73,
		0.74,
		0.75,
		0.76,
		0.77,
		0.78,
		0.79,
		0.8,
		0.81,
		0.8200000000000001,
		0.8300000000000001,
		0.84,
		0.85,
		0.86,
		0.87,
		0.88,
		0.89,
		0.9,
		0.91,
		0.92,
		0.93,
		0.9400000000000001,
		0.9500000000000001,
		0.96,
		0.97,
		0.98,
		0.99,
		1.0
	],
	"uit":[
		[
			1.4999794385778324,
			1.499732728906519,
			1.4989928433652373,
			1.4977605121316935,
			1.4960369513680267,
			1.4938238620206268,
			1.491123428141493,
			1.4879383147328298,
			1.4842716651170345,
			1.4801270978345964,
			1.475508703073039,
			1.4704210386304122,
			1.4648691254172785,
			1.458858442501687,
			1.4523949217019938,
			1.4454849417328886,
			1.438135321910336,
			1.4303533154217756,
			1.422146602168084,
			1.4135232811844256,
			1.4044918626475056,
			1.3950612594770595,
			1.3852407785398313,
			1.375040111464848,
			1.3644693250790152,
			1.3535388514722246,
			1.3422594777023122,
			1.330642335149379,
			1.318698888530584,
			1.306440924585811,
			1.2938805404455245,
			1.28103013169244,
			1.267902380128555,
			1.2545102412597375,
			1.2408669315101872,
			1.2269859151794404,
			1.2128808911547717,
			1.1985657793919469,
			1.184054707178006,
			1.1693619951892664,
			1.1545021433585934,
			1.1394898165656975,
			1.1243398301646668,
			1.1090671353629955,
			1.0936868044665538,
			1.0782140160050302,
			1.0626640397526255,
			1.0470522216584954,
			1.0313939687022766,
			1.0157047336891933,
			1.0000000000000009,
			0.9842952663108084,
			0.9686060312977252,
			0.9529477783415063,
			0.9373359602473763,
			0.9217859839949605,
			0.906313195533448,
			0.8909328646370063,
			0.875660169835335,
			0.8605101834342932,
			0.8454978566414084,
			0.8306380048107354,
			0.8159452928219957,
			0.8014342206080549,
			0.7871191088452356,
			0.7730140848205558,
			0.7591330684898034,
			0.7454897587402698,
			0.7320976198714413,
			0.7189698683075618,
			0.7061194595544773,
			0.6935590754141852,
			0.6813011114694123,
			0.6693576648506228,
			0.6577405222976895,
			0.6464611485277771,
			0.6355306749209921,
			0.6249598885351482,
			0.6147592214601705,
			0.6049387405229423,
			0.5955081373524851,
			0.5864767188155762,
			0.5778533978319289,
			0.5696466845782067,
			0.561864678089663,
			0.5545150582671132,
			0.547605078298008,
			0.5411415574983147,
			0.5351308745827343,
			0.5295789613695812,
			0.5244912969269655,
			0.5198729021653969,
			0.51572833488297,
			0.5120616852671622,
			0.5088765718585075,
			0.506176137979375,
			0.5039630486319724,
			0.5022394878683056,
			0.5010071566347696,
			0.5002672710934686,
			0.5000205614221653
		],
		[
			1.4934809369129252,
			1.4869486547140822,
			1.4803899961198024,
			1.4737919278436136,
			1.467141600171956,
			1.460426408386299,
			1.4536340475160874,
			1.4467525725719286,
			1.439770445735966,
			1.4326765951353184,
			1.4254604522415422,
			1.4181120085542152,
			1.4106218420120242,
			1.4029811703609183,
			1.3951818665349616,
			1.3872165069909692,
			1.379078376979055,
			1.370761511981431,
			1.362260694298923,
			1.353571486110282,
			1.3446902187550096,
			1.3356140167403663,
			1.3263407807014291,
			1.3168692026154187,
			1.307198742979138,
			1.2973296382178319,
			1.2872628724187527,
			1.2770001782053817,
			1.2665440035394322,
			1.2558975071566645,
			1.245064521374813,
			1.2340495427909872,
			1.2228576924218695,
			1.2114947020281608,
			1.1999668730685193,
			1.1882810588549142,
			1.1764446237107586,
			1.1644654211623306,
			1.1523517543883062,
			1.1401123508056803,
			1.1277563244298072,
			1.115293147449842,
			1.1027326146236787,
			1.0900848126167946,
			1.0773600861704216,
			1.0645690060413513,
			1.0517223364267587,
			1.0388310022959568,
			1.025906057463195,
			1.0129586519128553,
			0.9999999999993943,
			0.9870413480882547,
			0.97409394253603,
			0.9611689977042258,
			0.9482776635738258,
			0.9354309939574005,
			0.9226399138310285,
			0.909915187382197,
			0.8972673853764587,
			0.8847068525508304,
			0.8722436755691931,
			0.8598876491951166,
			0.8476482456113379,
			0.8355345788376707,
			0.8235553762894138,
			0.8117189411447905,
			0.8000331269319872,
			0.7885052979710492,
			0.7771423075790994,
			0.7659504572081943,
			0.754935478625392,
			0.7441024928441242,
			0.7334559964587516,
			0.7229998217970346,
			0.712737127578973,
			0.7026703617835856,
			0.6928012570206925,
			0.683130797383557,
			0.6736592193003511,
			0.6643859832577236,
			0.6553097812464764,
			0.6464285138889505,
			0.6377393057010917,
			0.6292384880192119,
			0.6209216230197852,
			0.6127834930105048,
			0.6048181334635669,
			0.5970188296401874,
			0.5893781579874864,
			0.5818879914456895,
			0.5745395477588242,
			0.5673234048644511,
			0.5602295542639105,
			0.5532474274284687,
			0.5463659524834651,
			0.5395735916141009,
			0.532858399827577,
			0.5262080721570874,
			0.5196100038792675,
			0.5130513452868427,
			0.506519063086493
		],
		[
			1.490196602039943,
			1.4803932033842402,
			1.4705897994194694,
			1.4607863911998122,
			1.4509829724743795,
			1.4411795471255808,
			1.431376105911041,
			1.4215726568467701,
			1.411769186556042,
			1.4019657053311612,
			1.3921621986053976,
			1.3823586789934823,
			1.3725551292037264,
			1.362751566064281,
			1.3529479685564578,
			1.3431443546149575,
			1.3333407044970504,
			1.323537035462772,
			1.3137333280166341,
			1.3039296012938548,
			1.2941258337575394,
			1.2843220446533783,
			1.274518214283203,
			1.2647143630644357,
			1.2549104683124952,
			1.245106551679446,
			1.2353025923623455,
			1.225498611953231,
			1.2156945889874053,
			1.2058905442679781,
			1.1960864593527945,
			1.1862823524070805,
			1.1764782078835243,
			1.1666740413819943,
			1.1568698403637352,
			1.1470656199463776,
			1.137261366277222,
			1.1274570943053772,
			1.1176527928114286,
			1.107848476051425,
			1.0980441335938091,
			1.0882397772998518,
			1.0784353995415747,
			1.0686310107382297,
			1.0588266043829215,
			1.0490221894166518,
			1.0392177619771803,
			1.0294133291288294,
			1.0196088894976232,
			1.0098044465504044,
			0.9999999996410297,
			0.9901955540533173,
			0.9803911109892494,
			0.9705866704243454,
			0.9607822371304341,
			0.9509778107533235,
			0.9411733957595443,
			0.9313689897483926,
			0.9215646006840384,
			0.9117602224950239,
			0.9019558661742431,
			0.8921515240369506,
			0.8823472066932122,
			0.8725429059014955,
			0.862738634045462,
			0.8529343803465449,
			0.8431301592967738,
			0.8333259582192805,
			0.8235217926168311,
			0.8137176473660421,
			0.8039135406963002,
			0.7941094558487127,
			0.784305410841392,
			0.7745013883766957,
			0.764697407157855,
			0.7548934483727833,
			0.745089531760833,
			0.7352856373590374,
			0.7254817856089933,
			0.7156779549488639,
			0.705874166307327,
			0.6960703987932785,
			0.6862666720801479,
			0.6764629643664816,
			0.6666592955692947,
			0.6568556454868162,
			0.6470520315799297,
			0.6372484339155904,
			0.6274448702602771,
			0.6176413212277482,
			0.6078378016445531,
			0.5980342944401548,
			0.5882308136818456,
			0.5784273433201768,
			0.568623893749132,
			0.5588204525965196,
			0.5490170277826415,
			0.5392136089031323,
			0.5294102008579717,
			0.5196067963456141,
			0.5098033977143472
		]
	],