{
	"ti":[
		0.0,
		7.5e-2,
		0.25
	],
	"xi":[
		0.0,
		1.0e-2,
		2.0e-2,
		3.0e-2,
		4.0e-2,
		5.0e-2,
		6.0e-2,
		7.0e-2,
		8.0e-2,
		9.0e-2,
		0.1,
		0.11,
		0.12,
		0.13,
		0.14,
		0.15,
		0.16,
		0.17,
		0.18,
		0.19,
		0.2,
		0.21,
		0.22,
		0.23,
		0.24,
		0.25,
		0.26,
		0.27,
		0.28,
		0.29,
		0.3,
		0.31,
		0.32,
		0.33,
		0.34,
		0.35000000000000003,
		0.36,
		0.37,
		0.38,
		0.39,
		0.4,
		0.41000000000000003,
		0.42,
		0.43,
		0.44,
		0.45,
		0.46,
		0.47000000000000003,
		0.48,
		0.49,
		0.5,
		0.51,
		0.52,
		0.53,
		0.54,
		0.55,
		0.56,
		0.5700000000000001,
		0.58,
		0.59,
		0.6,
		0.61,
		0.62,
		0.63,
		0.64,
		0.65,
		0.66,
		0.67,
		0.68,
		0.6900000000000001,
		0.7000000000000001,
		0.71,
		0.72,
		0.73,
		0.74,
		0.75,
		0.76,
		0.77,
		0.78,
		0.79,
		0.8,
		0.81,
		0.8200000000000001,
		0.8300000000000001,
		0.84,
		0.85,
		0.86,
		0.87,
		0.88,
		0.89,
		0.9,
		0.91,
		0.92,
		0.93,
		0.9400000000000001,
		0.9500000000000001,
		0.96,
		0.97,
		0.98,
		0.99,
		1.0
	],
	"uit":[
		[
			1.4999794385778324,
			1.499732728906519,
			1.4989928433652373,
			1.4977605121316935,
			1.4960369513680267,
			1.4938238620206268,
			1.491123428141493,
			1.4879383147328298,
			1.4842716651170345,
			1.4801270978345964,
			1.475508703073039,
			1.4704210386304122,
			1.4648691254172785,
			1.458858442501687,
			1.4523949217019938,
			1.4454849417328886,
			1.438135321910336,
			1.4303533154217756,
			1.422146602168084,
			1.4135232811844256,
			1.4044918626475056,
			1.3950612594770595,
			1.3852407785398313,
			1.375040111464848,
			1.3644693250790152,
			1.3535388514722246,
			1.3422594777023122,
			1.330642335149379,
			1.318698888530584,
			1.306440924585811,
			1.2938805404455245,
			1.28103013169244,
			1.267902380128555,
			1.2545102412597375,
			1.2408669315101872,
			1.2269859151794404,
			1.2128808911547717,
			1.1985657793919469,
			1.184054707178006,
			1.1693619951892664,
			1.1545021433585934,
			1.1394898165656975,
			1.1243398301646668,
			1.1090671353629955,
			1.0936868044665538,
			1.0782140160050302,
			1.0626640397526255,
			1.0470522216584954,
			1.0313939687022766,
			1.0157047336891933,
			1.0000000000000009,
			0.9842952663108084,
			0.9686060312977252,
			0.9529477783415063,
			0.9373359602473763,
			0.9217859839949605,
			0.906313195533448,
			0.8909328646370063,
			0.875660169835335,
			0.8605101834342932,
			0.8454978566414084,
			0.8306380048107354,
			0.8159452928219957,
			0.8014342206080549,
			0.7871191088452356,
			0.7730140848205558,
			0.7591330684898034,
			0.7454897587402698,
			0.7320976198714413,
			0.7189698683075618,
			0.7061194595544773,
			0.6935590754141852,
			0.6813011114694123,
			0.6693576648506228,
			0.6577405222976895,
			0.6464611485277771,
			0.6355306749209921,
			0.6249598885351482,
			0.6147592214601705,
			0.6049387405229423,
			0.5955081373524851,
			0.5864767188155762,
			0.5778533978319289,
			0.5696466845782067,
			0.561864678089663,
			0.5545150582671132,
			0.547605078298008,
			0.5411415574983147,
			0.5351308745827343,
			0.5295789613695812,
			0.5244912969269655,
			0.5198729021653969,
			0.51572833488297,
			0.5120616852671622,
			0.5088765718585075,
			0.506176137979375,
			0.5039630486319724,
			0.5022394878683056,
			0.5010071566347696,
			0.5002672710934686,
			0.5000205614221653
		],
		[
			1.243175716477153,
			1.2429404738749514,
			1.2424702161290364,
			1.2417653979374135,
			1.2408267007998501,
			1.239655032361754,
			1.2382515255402962,
			1.2366175374335697,
			1.2347546480138127,
			1.232664658605899,
			1.2303495901525017,
			1.227811681267551,
			1.2250533860797883,
			1.222077371868423,
			1.2188865164930915,
			1.2154839056205227,
			1.2118728297504824,
			1.2080567810438019,
			1.2040394499554388,
			1.1998247216757238,
			1.1954166723831736,
			1.1908195653123428,
			1.1860378466404584,
			1.1810761411967123,
			1.1759392479982507,
			1.1706321356171245,
			1.1651599373825656,
			1.1595279464231676,
			1.1537416105536993,
			1.1478065270114206,
			1.1417284370469367,
			1.1355132203747778,
			1.1291668894890312,
			1.1226955838494863,
			1.1161055639438842,
			1.1094032052320326,
			1.1025949919775928,
			1.0956875109735467,
			1.0886874451674136,
			1.0816015671923926,
			1.0744367328107434,
			1.0671998742757782,
			1.0598979936189072,
			1.0525381558683562,
			1.0451274822060967,
			1.0376731430697392,
			1.030182351206124,
			1.0226623546833937,
			1.0151204298684218,
			1.0075638743764745,
			1.0,
			0.9924361256235252,
			0.9848795701315772,
			0.9773376453166068,
			0.9698176487938758,
			0.9623268569302601,
			0.9548725177939038,
			0.9474618441316429,
			0.9401020063810922,
			0.9328001257242231,
			0.9255632671892553,
			0.9183984328076074,
			0.9113125548325867,
			0.9043124890264529,
			0.8974050080224074,
			0.8905967947679669,
			0.8838944360561153,
			0.877304416150514,
			0.870833110510968,
			0.8644867796252221,
			0.8582715629530635,
			0.8521934729885786,
			0.8462583894463003,
			0.8404720535768322,
			0.8348400626174347,
			0.8293678643828748,
			0.8240607520017492,
			0.8189238588032879,
			0.8139621533595408,
			0.809180434687657,
			0.8045833276168264,
			0.800175278324276,
			0.7959605500445615,
			0.7919432189561969,
			0.7881271702495177,
			0.784516094379478,
			0.7811134835069075,
			0.7779226281315768,
			0.7749466139202111,
			0.7721883187324491,
			0.7696504098474981,
			0.7673353413941011,
			0.7652453519861867,
			0.7633824625664304,
			0.7617484744597037,
			0.7603449676382456,
			0.7591732992001501,
			0.758234602062586,
			0.7575297838709633,
			0.7570595261250488,
			0.7568242835228466
		],
		[
			1.0447361133701005,
			1.0446928340697845,
			1.0446063173390154,
			1.0444766468771354,
			1.0443039481314869,
			1.0440883881785634,
			1.0438301755566384,
			1.043529560070936,
			1.0431868325472398,
			1.0428023245526468,
			1.0423764080730296,
			1.0419094951560277,
			1.0414020375088615,
			1.040854526064607,
			1.0402674905052076,
			1.039641498749089,
			1.0389771564036379,
			1.0382751061765736,
			1.0375360272564669,
			1.0367606346541287,
			1.0359496785120654,
			1.035103943377677,
			1.0342242474457228,
			1.0333114417642708,
			1.032366409414058,
			1.0313900646539536,
			1.0303833520324663,
			1.02934724548078,
			1.0282827473638942,
			1.0271908875155384,
			1.0260727222394446,
			1.0249293332885137,
			1.0237618268168192,
			1.0225713323123515,
			1.0213590015014797,
			1.0201260072360143,
			1.0188735423577568,
			1.01760281854603,
			1.0163150651440005,
			1.0150115279699738,
			1.0136934681117917,
			1.0123621607073237,
			1.0110188937103524,
			1.0096649666456545,
			1.0083016893495862,
			1.00693038070473,
			1.0055523673644997,
			1.0041689824670685,
			1.002781564348477,
			1.0013914552456715,
			1.0000000000002116,
			0.9986085447541307,
			0.9972184356517007,
			0.9958310175326828,
			0.9944476326356967,
			0.9930696192950841,
			0.9916983106504832,
			0.9903350333543075,
			0.9889811062894661,
			0.987637839292734,
			0.9863065318882828,
			0.9849884720301305,
			0.9836849348559743,
			0.9823971814539784,
			0.9811264576422901,
			0.9798739927641357,
			0.9786409984983894,
			0.9774286676874704,
			0.9762381731831542,
			0.9750706667115494,
			0.9739272777606621,
			0.9728091124843359,
			0.9717172526360358,
			0.9706527545194034,
			0.9696166479674365,
			0.9686099353462976,
			0.9676335905857109,
			0.9666885582356821,
			0.9657757525544176,
			0.9648960566221783,
			0.9640503214879262,
			0.9632393653460349,
			0.9624639727434893,
			0.961724893823386,
			0.9610228435964513,
			0.960358501250818,
			0.959732509494918,
			0.9591454739352016,
			0.9585979624910387,
			0.9580905048442409,
			0.9576235919268062,
			0.9571976754474876,
			0.9568131674525829,
			0.9564704399291448,
			0.9561698244434225,
			0.9559116118216792,
			0.9556960518681076,
			0.9555233531229352,
			0.9553936826610292,
			0.9553071659302919,
			0.9552638866298394
		]
	],