{
	"ti":[
		0,
		0.4
	],
	"xi":[
		0.0,
		1.0e-2,
		2.0e-2,
		3.0e-2,
		4.0e-2,
		5.0e-2,
		6.0e-2,
		7.0e-2,
		8.0e-2,
		9.0e-2,
		0.1,
		0.11,
		0.12,
		0.13,
		0.14,
		0.15,
		0.16,
		0.17,
		0.18,
		0.19,
		0.2,
		0.21,
		0.22,
		0.23,
		0.24,
		0.25,
		0.26,
		0.27,
		0.28,
		0.29,
		0.3,
		0.31,
		0.32,
		0.33,
		0.34,
		0.35000000000000003,
		0.36,
		0.37,
		0.38,
		0.39,
		0.4,
		0.41000000000000003,
		0.42,
		0.43,
		0.44,
		0.45,
		0.46,
		0.47000000000000003,
		0.48,
		0.49,
		0.5,
		0.51,
		0.52,
		0.53,
		0.54,
		0.55,
		0.56,
		0.5700000000000001,
		0.58,
		0.59,
		0.6,
		0.61,
		0.62,
		0.63,
		0.64,
		0.65,
		0.66,
		0.67,
		0.68,
		0.6900000000000001,
		0.7000000000000001,
		0.71,
		0.72,
		0.73,
		0.74,
		0.75,
		0.76,
		0.77,
		0.78,
		0.79,
		0.8,
		0.81,
		0.8200000000000001,
		0.8300000000000001,
		0.84,
		0.85,
		0.86,
		0.87,
		0.88,
		0.89,
		0.9,
		0.91,
		0.92,
		0.93,
		0.9400000000000001,
		0.9500000000000001,
		0.96,
		0.97,
		0.98,
		0.99,
		1.0
	],
	"uit":[
		[
			0.0,
			6.27801914125338e-2,
			0.12531261809110358,
			0.18735049311595733,
			0.24864898133678076,
			0.308966165625182,
			0.36806400161107594,
			0.4257092571350568,
			0.4816744327091862,
			0.5357386593535293,
			0.587688570265113,
			0.6373191428792335,
			0.6844345079998281,
			0.7288487228057299,
			0.7703865046820225,
			0.8088839229804585,
			0.8441890459787993,
			0.8761625404859432,
			0.904678221726396,
			0.9296235513338441,
			0.95090008148878,
			0.968423843447018,
			0.9821256789259325,
			0.9919515130406564,
			0.9978625677129704,
			0.9998355147105509,
			0.9978625677129649,
			0.9919515130406675,
			0.9821256789259242,
			0.968423843447011,
			0.9509000814887897,
			0.9296235513338413,
			0.904678221726396,
			0.876162540485953,
			0.8441890459787965,
			0.8088839229804468,
			0.7703865046820246,
			0.7288487228057361,
			0.684434507999826,
			0.637319142879228,
			0.5876885702651158,
			0.5357386593535352,
			0.48167443270918375,
			0.42570925713505403,
			0.36806400161108477,
			0.3089661656251741,
			0.24864898133678537,
			0.18735049311595642,
			0.12531261809110572,
			6.278019141253144e-2,
			0.0,
			-6.278019141253144e-2,
			-0.12531261809110572,
			-0.18735049311595642,
			-0.24864898133678537,
			-0.30896616562517965,
			-0.3680640016110792,
			-0.42570925713505403,
			-0.4816744327091782,
			-0.5357386593535296,
			-0.5876885702651158,
			-0.6373191428792335,
			-0.6844345079998315,
			-0.728848722805725,
			-0.7703865046820302,
			-0.8088839229804523,
			-0.8441890459788048,
			-0.8761625404859419,
			-0.9046782217263988,
			-0.9296235513338413,
			-0.9509000814887841,
			-0.9684238434470055,
			-0.982125678925938,
			-0.9919515130406537,
			-0.997862567712976,
			-0.9998355147105453,
			-0.9978625677129732,
			-0.9919515130406564,
			-0.9821256789259353,
			-0.9684238434470138,
			-0.9509000814887938,
			-0.9296235513338386,
			-0.9046782217263877,
			-0.8761625404859432,
			-0.8441890459788035,
			-0.8088839229804523,
			-0.7703865046820315,
			-0.7288487228057243,
			-0.6844345079998232,
			-0.6373191428792384,
			-0.587688570265112,
			-0.5357386593535338,
			-0.4816744327091834,
			-0.42570925713506097,
			-0.36806400161107317,
			-0.3089661656251809,
			-0.24864898133677996,
			-0.18735049311595928,
			-0.12531261809110328,
			-6.278019141253466e-2,
			-6.898236322439022e-16
		],
		[
			-0.5901917872425159,
			-0.6400495098089807,
			-0.6862212779768804,
			-0.7289965073402959,
			-0.7692120390371688,
			-0.8076131783848268,
			-0.8443139741193783,
			-0.8786366537501088,
			-0.9093555646052803,
			-0.9351681298909099,
			-0.955159716108186,
			-0.9690925756709245,
			-0.977471552616575,
			-0.9814244640732275,
			-0.982504349022476,
			-0.982366180756105,
			-0.9811791631638609,
			-0.9780513857242187,
			-0.9721259985825644,
			-0.9626474841309735,
			-0.9490174966266801,
			-0.9308433566463561,
			-0.9079680350840699,
			-0.8804694265065577,
			-0.8486252940379247,
			-0.8128490047257888,
			-0.7736092821232514,
			-0.7313522336906688,
			-0.6864435635255995,
			-0.6391428806508193,
			-0.5896122424501342,
			-0.5379509200876643,
			-0.48424144087058524,
			-0.42859056449867616,
			-0.371153015588018,
			-0.3121332788139318,
			-0.2517681544363793,
			-0.19029759964996987,
			-0.1279352871047645,
			-6.486267414214797e-2,
			-1.3114905518116613e-3,
			6.20976074322927e-2,
			0.12536443928266736,
			0.1884971043263965,
			0.2506767416669153,
			0.3110082257518863,
			0.36932986284619124,
			0.42621662166427,
			0.48223399484466417,
			0.5372112665179224,
			0.5901917872425152,
			0.6400495098089815,
			0.6862212779768782,
			0.728996507340294,
			0.7692120390371687,
			0.8076131783848277,
			0.8443139741193806,
			0.8786366537501098,
			0.9093555646052808,
			0.9351681298909097,
			0.9551597161081866,
			0.9690925756709243,
			0.9774715526165737,
			0.9814244640732261,
			0.9825043490224746,
			0.9823661807561037,
			0.9811791631638596,
			0.9780513857242176,
			0.9721259985825633,
			0.9626474841309727,
			0.9490174966266793,
			0.9308433566463553,
			0.9079680350840692,
			0.8804694265065569,
			0.8486252940379241,
			0.8128490047257882,
			0.7736092821232514,
			0.731352233690669,
			0.6864435635256,
			0.6391428806508197,
			0.5896122424501343,
			0.5379509200876642,
			0.484241440870585,
			0.428590564498676,
			0.37115301558801783,
			0.31213327881393194,
			0.25176815443637973,
			0.1902975996499704,
			0.12793528710476468,
			6.486267414214747e-2,
			1.3114905518112397e-3,
			-6.209760743229213e-2,
			-0.1253644392826677,
			-0.18849710432639563,
			-0.25067674166691367,
			-0.3110082257518859,
			-0.36932986284619224,
			-0.4262166216642691,
			-0.4822339948446615,
			-0.5372112665179225,
			-0.5901917872425165
		],
		[
			2.841077125465657e-4,
			6.485841937547482e-2,
			0.12870536114860992,
			0.1915972299029044,
			0.2532557184192101,
			0.3134277911708092,
			0.3719506577981278,
			0.4287796235842764,
			0.4839680496330324,
			0.5376042672169216,
			0.5897245818864698,
			0.6402300990359489,
			0.6888345934137525,
			0.7350611529707746,
			0.7782904460116306,
			0.8178485453295314,
			0.8531121668611357,
			0.883606583254886,
			0.9090761294142363,
			0.9295165917977969,
			0.945169324853555,
			0.9564853645514145,
			0.964072184929506,
			0.9686367031907338,
			0.9709360768019003,
			0.9717351667264078,
			0.9717641600842507,
			0.9706673568150163,
			0.9670954202981719,
			0.9598512088719877,
			0.9480409336055748,
			0.931166652966766,
			0.9091452776362059,
			0.8822327584228236,
			0.8508780379111399,
			0.815549586417515,
			0.7766145195535199,
			0.7343311262149104,
			0.688941425871307,
			0.6407891005926254,
			0.590347915954384,
			0.5381081204043864,
			0.48438072701640694,
			0.429182457806837,
			0.37231629779829906,
			0.31362301749941796,
			0.2531941059976398,
			0.1913590698452847,
			0.12844378387238983,
			6.454766494475687e-2,
			-2.841077125430942e-4,
			-6.485841937547347e-2,
			-0.12870536114860887,
			-0.1915972299029031,
			-0.25325571841920896,
			-0.3134277911708089,
			-0.3719506577981284,
			-0.4287796235842778,
			-0.4839680496330339,
			-0.537604267216923,
			-0.5897245818864709,
			-0.6402300990359499,
			-0.6888345934137527,
			-0.7350611529707738,
			-0.7782904460116291,
			-0.8178485453295301,
			-0.853112166861135,
			-0.883606583254886,
			-0.9090761294142364,
			-0.9295165917977966,
			-0.9451693248535546,
			-0.9564853645514145,
			-0.9640721849295067,
			-0.9686367031907349,
			-0.9709360768019013,
			-0.9717351667264085,
			-0.9717641600842513,
			-0.9706673568150169,
			-0.9670954202981722,
			-0.9598512088719896,
			-0.948040933605578,
			-0.9311666529667691,
			-0.9091452776362065,
			-0.8822327584228213,
			-0.8508780379111389,
			-0.815549586417515,
			-0.7766145195535232,
			-0.7343311262149097,
			-0.68894142587131,
			-0.6407891005926216,
			-0.5903479159543826,
			-0.5381081204043886,
			-0.48438072701640783,
			-0.42918245780683806,
