{
	"ti":[
		0,
		0.4
	],
	"xi":[
		0.0,
		6.666666666666667e-3,
		1.3333333333333334e-2,
		2.0e-2,
		2.666666666666667e-2,
		3.333333333333333e-2,
		4.0e-2,
		4.666666666666667e-2,
		5.333333333333334e-2,
		6.0000000000000005e-2,
		6.666666666666667e-2,
		7.333333333333333e-2,
		8.0e-2,
		8.666666666666667e-2,
		9.333333333333334e-2,
		0.1,
		0.10666666666666667,
		0.11333333333333334,
		0.12000000000000001,
		0.12666666666666668,
		0.13333333333333333,
		0.14,
		0.14666666666666667,
		0.15333333333333335,
		0.16,
		0.16666666666666669,
		0.17333333333333334,
		0.18000000000000002,
		0.18666666666666668,
		0.19333333333333336,
		0.2,
		0.2066666666666667,
		0.21333333333333335,
		0.22,
		0.22666666666666668,
		0.23333333333333334,
		0.24000000000000002,
		0.24666666666666667,
		0.25333333333333335,
		0.26,
		0.26666666666666666,
		0.2733333333333334,
		0.28,
		0.2866666666666667,
		0.29333333333333333,
		0.30000000000000004,
		0.3066666666666667,
		0.31333333333333335,
		0.32,
		0.32666666666666666,
		0.33333333333333337,
		0.34,
		0.3466666666666667,
		0.35333333333333333,
		0.36000000000000004,
		0.3666666666666667,
		0.37333333333333335,
		0.38,
		0.3866666666666667,
		0.39333333333333337,
		0.4,
		0.4066666666666667,
		0.4133333333333334,
		0.42000000000000004,
		0.4266666666666667,
		0.43333333333333335,
		0.44,
		0.4466666666666667,
		0.45333333333333337,
		0.46,
		0.4666666666666667,
		0.4733333333333334,
		0.48000000000000004,
		0.4866666666666667,
		0.49333333333333335,
		0.5,
		0.5066666666666667,
		0.5133333333333334,
		0.52,
		0.5266666666666667,
		0.5333333333333333,
		0.54,
		0.5466666666666667,
		0.5533333333333333,
		0.56,
		0.5666666666666667,
		0.5733333333333334,
		0.5800000000000001,
		0.5866666666666667,
		0.5933333333333334,
		0.6000000000000001,
		0.6066666666666667,
		0.6133333333333334,
		0.62,
		0.6266666666666667,
		0.6333333333333334,
		0.64,
		0.6466666666666667,
		0.6533333333333333,
		0.66,
		0.6666666666666667,
		0.6733333333333333,
		0.68,
		0.6866666666666668,
		0.6933333333333334,
		0.7000000000000001,
		0.7066666666666667,
		0.7133333333333334,
		0.7200000000000001,
		0.7266666666666667,
		0.7333333333333334,
		0.7400000000000001,
		0.7466666666666667,
		0.7533333333333334,
		0.76,
		0.7666666666666667,
		0.7733333333333334,
		0.78,
		0.7866666666666667,
		0.7933333333333333,
		0.8,
		0.8066666666666668,
		0.8133333333333334,
		0.8200000000000001,
		0.8266666666666668,
		0.8333333333333334,
		0.8400000000000001,
		0.8466666666666667,
		0.8533333333333334,
		0.8600000000000001,
		0.8666666666666667,
		0.8733333333333334,
		0.88,
		0.8866666666666667,
		0.8933333333333334,
		0.9,
		0.9066666666666667,
		0.9133333333333334,
		0.92,
		0.9266666666666667,
		0.9333333333333333,
		0.9400000000000001,
		0.9466666666666668,
		0.9533333333333334,
		0.9600000000000001,
		0.9666666666666667,
		0.9733333333333334,
		0.9800000000000001,
		0.9866666666666667,
		0.9933333333333334,
		1.0
	],
	"uit":[
		[
			0.0,
			0.0,
			0.0,
			0.0,
			0.0,
			0.0,
			0.0,
			0.0,
			0.0,
			0.0,
			0.0,
			0.0,
			0.0,
			0.0,
			0.0,
			0.0,
			0.0,
			0.0,
			0.0,
			0.7500000000000007,
			1.0000000000000022,
			0.9999999999999981,
			1.0000000000000022,
			0.9999999999999981,
			1.0000000000000022,
			0.9999999999999981,
			1.0000000000000022,
			0.9999999999999981,
			1.0000000000000022,
			0.9999999999999981,
			1.0000000000000022,
			0.9999999999999981,
			0.9999999999999981,
			1.0000000000000022,
			0.9999999999999981,
			1.0000000000000022,
			0.9999999999999981,
			0.9999999999999981,
			0.9999999999999981,
			0.9999999999999981,
			1.0000000000000064,
			0.9999999999999981,
			0.9999999999999981,
			0.9999999999999981,
			1.0000000000000064,
			0.9999999999999981,
			0.9999999999999981,
			0.9999999999999981,
			0.9999999999999981,
			1.0000000000000064,
			0.9999999999999981,
			0.9999999999999981,
			0.9999999999999981,
			1.0000000000000064,
			0.9999999999999981,
			0.9999999999999981,
			0.7500000000000007,
			-5.421010862427522e-20,
			0.0,
			0.0,
			0.0,
			0.0,
			0.0,
			0.0,
			0.0,
			0.0,
			0.0,
			0.0,
			0.0,
			0.0,
			0.0,
			0.0,
			0.0,
			0.0,
			0.0,
			0.0,
			0.0,
			0.0,
			0.0,
			0.0,
			0.0,
			0.0,
			0.0,
			0.0,
			0.0,
			0.0,
			0.0,
			0.0,
			0.0,
			0.0,
			0.0,
			0.0,
			0.0,
			0.0,
			0.0,
			0.0,
			0.0,
			0.0,
			0.0,
			0.0,
			0.0,
			0.0,
			0.0,
			0.0,
			0.0,
			0.0,
			0.0,
			0.0,
			0.0,
			0.0,
			0.0,
			0.0,
			0.0,
			0.0,
			0.0,
			0.0,
			0.0,
			0.0,
			0.0,
			0.0,
			0.0,
			0.0,
			0.0,
			0.0,
			0.0,
			0.0,
			0.0,
			0.0,
			0.0,
			0.0,
			0.0,
			0.0,
			0.0,
			0.0,
			0.0,
			0.0,
			0.0,
			0.0,
			0.0,
			0.0,
			0.0,
			0.0,
			0.0,
			0.0,
			0.0,
			0.0,
			0.0,
			0.0,
			0.0,
			0.0,
			0.0
		],
		[
			0.0,
			0.0,
			0.0,
			0.0,
			0.0,
			0.0,
			0.0,
			0.0,
			0.0,
			0.0,
			0.0,
			0.0,
			0.0,
			0.0,
			0.0,
			0.0,
			0.0,
			0.0,
			0.0,
			6.568536924719441e-40,
			7.99574686969955e-38,
			4.846969970472204e-36,
			1.950835638647123e-34,
			5.864641890384309e-33,
			1.404558486463489e-31,
			2.7914006687321458e-30,
			4.734783632875847e-29,
			6.996890038947042e-28,
			9.150654849439654e-27,
			1.0722886188928043e-25,
			1.1371633348290335e-24,
			1.1004325569823914e-23,
			9.784368184923883e-23,
			8.040450896749133e-22,
			6.137605129835635e-21,
			4.371124778700197e-20,
			2.9156293763002675e-19,
			1.8276372096577597e-18,
			1.079881301039478e-17,
			6.03061098044036e-17,
			3.1907884817477634e-16,
			1.603008662436931e-15,
			7.661885393724355e-15,
			3.4904410066017475e-14,
			1.518043506802006e-13,
			6.312495379485716e-13,
			2.5132195717136254e-12,
			9.592314171114351e-12,
			3.513883886659017e-11,
			1.236774202613498e-10,
			4.1866287952921304e-10,
			1.3642963798236564e-9,
			4.283436209173173e-9,
			1.296750635820078e-8,
			3.78805917251416e-8,
			1.0684758459886118e-7,
			2.911853019185311e-7,
			7.671477183401121e-7,
			1.954886014950572e-6,
			4.820653555535173e-6,
			1.1508626494689113e-5,
			2.6610181395862325e-5,
			5.9612291802929765e-5,
			1.294279287201715e-4,
			2.724262624481332e-4,
			5.560420186276285e-4,
			1.1007716647083445e-3,
			2.113954757718042e-3,
			3.9388119334588375e-3,
			7.121189698112185e-3,
			1.2493623501001892e-2,
			2.1270980516928245e-2,
			3.514375077609014e-2,
			5.6344527674080644e-2,
			8.765221551301268e-2,
			0.13229055652300373,
			0.19367771443476928,
			0.2749974325073442,
			0.378593814508581,
			0.5052411938268201,
			0.6486209370515108,
			0.7664358384995057,
			0.8495201216499186,
			0.9059475665034932,
			0.9428937296148308,
			0.966272807200883,
			0.9806017723011562,
			0.9891235268255981,
			0.9940489458515825,
			0.9968193260525714,
			0.99833780889489,
			0.999150367784369,
			0.9995760262315068,
			0.9997947541721828,
			0.9999041079447899,
			0.9999548886528159,
			0.9999735607722535,
			0.999976278876717,
			0.9999722693838746,
			0.9999550953043578,
			0.9999101794124649,
			0.9998109742822037,
			0.9996079078426379,
			0.9992106270568828,
			0.9984603442353265,
			0.9970887554689704,
			0.994660392408111,
			0.9904970860222262,
			0.9835872406228597,
			0.9724893767582713,
			0.9552488710493097,
			0.9293578772358038,
			0.8917983872421585,
			0.8392129569251575,
			0.768241338620984,
			0.6760390478203276,
			0.5609531254224219,
			0.42329447075411325,
			0.2876033348452683,
			0.1883339499815724,
			0.11951439443244316,
			7.362726619560135e-2,
			4.4093192799341714e-2,
			2.5700933219026927e-2,
			1.4596596447036477e-2,
			8.085691563856004e-3,
			4.372655794177106e-3,
			2.31048210251801e-3,
			1.1937867032642871e-3,
			6.035728193149009e-4,
			2.9881383312554445e-4,
			1.4494687631430646e-4,
			6.89294982292239e-5,
			3.215319853181821e-5,
			1.4719265212615315e-5,
			6.616035053541594e-6,
			2.921150979562391e-6,
			1.2674727571131984e-6,
			5.406616711569555e-7,
			2.268190896227046e-7,
			9.361750245003388e-8,
			3.802826843257157e-8,
			1.5207912616234725e-8,
