{
	"datT0":[
		[
			0.0,
			1.0
		],
		[
			0.25,
			1.0
		],
		[
			0.5,
			1.0
		],
		[
			7.105572809000084,
			2.552786404500042
		],
		[
			8.0,
			3.0
		],
		[
			8.447213595499958,
			3.223606797749979
		],
		[
			8.894427190999917,
			3.447213595499958
		],
		[
			1.2272393124891002e1,
			4.81809828122275
		],
		[
			1.3e1,
			5.0
		],
		[
			1.3242535625036332e1,
			5.060633906259083
		],
		[
			1.3485071250072666e1,
			5.121267812518166
		],
		[
			1.3727606875108998e1,
			5.18190171877725
		],
		[
			1.3970142500145332e1,
			5.242535625036333
		]
	],
	"datT":[
		[
			0.0,
			3.0
		],
		[
			0.25,
			3.0
		],
		[
			0.5,
			3.0
		],
		[
			4.0,
			2.5
		],
		[
			7.01941932430908,
			4.446116135138184
		],
		[
			8.0,
			4.25
		],
		[
			8.98058067569092,
			4.053883864861816
		],
		[
			1.2272393124891002e1,
			4.81809828122275
		],
		[
			1.3e1,
			5.0
		],
		[
			1.3242535625036332e1,
			5.060633906259083
		],
		[
			1.3485071250072666e1,
			5.121267812518166
		],
		[
			1.3727606875108998e1,
			5.18190171877725
		],
		[
			1.3970142500145332e1,
			5.242535625036333
		]
	],
	"datTwrong":[
		[
			0.0,
			3.5
		],
		[
			0.25,
			3.5
		],
		[
			0.5,
			3.5
		],
		[
			4.0,
			2.0
		],
		[
			7.071523309114741,
			3.3713906763541037
		],
		[
			8.0,
			3.0
		]
	],
	"kUV":13,
	"kIR":0,
	"kLp":8,
	"data":[
		"datT0",
		"datT",
		"datTwrong"
	],
	"labels":[
		"$m_\\mathrm{ext}^{(0)}$",
		"$m_\\mathrm{ext}^{(1)}$",
		"$m_\\mathrm{ext}^{(1)}$"
	]
}