{
	"datExactR1":[
		[
			0.0,
			0.5
		],
		[
			0.25,
			0.5
		],
		[
			0.5,
			0.5
		],
		[
			1.2272393124891002e1,
			4.81809828122275
		],
		[
			1.3e1,
			5.0
		],
		[
			1.3242535625036332e1,
			5.060633906259083
		],
		[
			1.3485071250072666e1,
			5.121267812518166
		],
		[
			1.3727606875108998e1,
			5.18190171877725
		],
		[
			1.3970142500145332e1,
			5.242535625036333
		]
	],
	"datExactR2":[
		[
			0.0,
			0.5
		],
		[
			0.25,
			0.5
		],
		[
			0.5,
			0.5
		],
		[
			1.1361536158961918e1,
			3.853075311273343
		],
		[
			1.3e1,
			5.0
		],
		[
			1.398058067569092e1,
			5.196116135138184
		]
	],
	"datTrunc1R1":[
		[
			0.0,
			5.0
		],
		[
			0.22360679774997896,
			5.111803398874989
		],
		[
			0.4472135954999579,
			5.223606797749979
		],
		[
			5.105572809000084,
			4.052786404500042
		],
		[
			6.0,
			4.5
		],
		[
			6.894427190999916,
			4.947213595499958
		],
		[
			1.2253722107342508e1,
			5.074627789265749
		],
		[
			1.3e1,
			5.0
		],
		[
			1.3248759297552498e1,
			4.975124070244751
		],
		[
			1.3497518595104994e1,
			4.950248140489501
		],
		[
			1.3746277892657492e1,
			4.925372210734251
		],
		[
			1.399503719020999e1,
			4.900496280979001
		]
	],
	"datTrunc1R2":[
		[
			0.0,
			3.5
		],
		[
			0.24253562503633297,
			3.439366093740917
		],
		[
			0.48507125007266594,
			3.3787321874818335
		],
		[
			5.105572809000084,
			2.552786404500042
		],
		[
			6.0,
			3.0
		],
		[
			6.894427190999916,
			3.447213595499958
		],
		[
			1.1211145618000169e1,
			4.105572809000084
		],
		[
			1.3e1,
			5.0
		],
		[
			1.3894427190999917e1,
			5.447213595499958
		]
	],
	"datTrunc2R1":[
		[
			0.0,
			2.2
		],
		[
			0.24806946917841693,
			2.2310086836473024
		],
		[
			0.49613893835683387,
			2.2620173672946042
		],
		[
			1.225e1,
			5.0
		],
		[
			1.3e1,
			5.0
		],
		[
			1.325e1,
			5.0
		],
		[
			1.35e1,
			5.0
		],
		[
			1.375e1,
			5.0
		],
		[
			1.4e1,
			5.0
		]
	],
	"datTrunc2R2":[
		[
			0.0,
			1.4
		],
		[
			0.24806946917841693,
			1.3689913163526979
		],
		[
			0.49613893835683387,
			1.3379826327053956
		],
		[
			1.103883864861816e1,
			4.607767729723632
		],
		[
			1.3e1,
			5.0
		],
		[
			1.398058067569092e1,
			5.196116135138184
		]
	],
	"kUV":13,
	"kIR":0,
	"data":[
		"datExactR1",
		"datExactR2",
		"datTrunc1R1",
		"datTrunc1R2",
		"datTrunc2R1",
		"datTrunc2R2"
	],
	"labels":[
		"$R_1, e$",
		"$R_2, e$",
		"$R_1, t_1$",
		"$R_2, t_1$",
		"$R_1, t_2$",
		"$R_2, t_2$"
	]
}